temp,temp_min,temp_max,temp_1,temp_2,temp_3,temp_min_1,temp_min_2,temp_min_3,temp_max_1,temp_max_2,temp_max_3,feels_like_1,feels_like_2,feels_like_3,pressure_1,pressure_2,pressure_3,humidity_1,humidity_2,humidity_3,date
310.07,310.07,310.07,313.37,312.8,313.54,313.37,312.8,313.54,313.37,312.8,313.54,310.54,309.76,309.59,1004,1003,1005,15,18,13,01-05-2020
308.49,308.49,308.49,310.07,313.37,312.8,310.07,313.37,312.8,310.07,313.37,312.8,309.23,310.54,309.76,1007,1004,1003,22,15,18,02-05-2020
311.97,311.97,311.97,308.49,310.07,313.37,308.49,310.07,313.37,308.49,310.07,313.37,306.56,309.23,310.54,1007,1007,1004,21,22,15,03-05-2020
309.17,309.17,309.17,311.97,308.49,310.07,311.97,308.49,310.07,311.97,308.49,310.07,309.93,306.56,309.23,1004,1007,1007,13,21,22,04-05-2020
311.64,311.64,311.64,309.17,311.97,308.49,309.17,311.97,308.49,309.17,311.97,308.49,308.47,309.93,306.56,1007,1004,1007,18,13,21,05-05-2020
313.93,313.93,313.93,311.64,309.17,311.97,311.64,309.17,311.97,311.64,309.17,311.97,308.43,308.47,309.93,1005,1007,1004,13,18,13,06-05-2020
314.21,314.21,314.21,313.93,311.64,309.17,313.93,311.64,309.17,313.93,311.64,309.17,311.03,308.43,308.47,1005,1005,1007,12,13,18,07-05-2020
313.41,313.41,313.41,314.21,313.93,311.64,314.21,313.93,311.64,314.21,313.93,311.64,312.58,311.03,308.43,1005,1005,1005,13,12,13,08-05-2020
309.56,309.56,309.56,313.41,314.21,313.93,313.41,314.21,313.93,313.41,314.21,313.93,311.05,312.58,311.03,1006,1005,1005,13,13,12,09-05-2020
308.11,308.11,308.11,309.56,313.41,314.21,309.56,313.41,314.21,309.56,313.41,314.21,308.25,311.05,312.58,1007,1006,1005,22,13,13,10-05-2020
312.27,312.27,312.27,308.11,309.56,313.41,308.11,309.56,313.41,308.11,309.56,313.41,306.7,308.25,311.05,1006,1007,1006,23,22,13,11-05-2020
312.19,312.19,312.19,312.27,308.11,309.56,312.27,308.11,309.56,312.27,308.11,309.56,311.26,306.7,308.25,1005,1006,1007,18,23,22,12-05-2020
312.87,312.87,312.87,312.19,312.27,308.11,312.19,312.27,308.11,312.19,312.27,308.11,306.84,311.26,306.7,1004,1005,1006,13,18,23,13-05-2020
314.15,314.15,314.15,312.87,312.19,312.27,312.87,312.19,312.27,312.87,312.19,312.27,307.46,306.84,311.26,1004,1004,1005,10,13,18,14-05-2020
313.92,313.92,313.92,314.15,312.87,312.19,314.15,312.87,312.19,314.15,312.87,312.19,308.94,307.46,306.84,1002,1004,1004,8,10,13,15-05-2020
313.95,313.95,313.95,313.92,314.15,312.87,313.92,314.15,312.87,313.92,314.15,312.87,309.29,308.94,307.46,1000,1002,1004,6,8,10,16-05-2020
313.74,313.74,313.74,313.95,313.92,314.15,313.95,313.92,314.15,313.95,313.92,314.15,308.64,309.29,308.94,1000,1000,1002,7,6,8,17-05-2020
315.82,315.82,315.82,313.74,313.95,313.92,313.74,313.95,313.92,313.74,313.95,313.92,307.75,308.64,309.29,999,1000,1000,7,7,6,18-05-2020
317.18,317.18,317.18,315.82,313.74,313.95,315.82,313.74,313.95,315.82,313.74,313.95,308,307.75,308.64,998,999,1000,6,7,7,19-05-2020
318.11,318.11,318.11,317.18,315.82,313.74,317.18,315.82,313.74,317.18,315.82,313.74,312.39,308,307.75,998,998,999,6,6,7,20-05-2020
318.47,318.47,318.47,318.11,317.18,315.82,318.11,317.18,315.82,318.11,317.18,315.82,313.06,312.39,308,1000,998,998,7,6,6,21-05-2020
318.51,318.51,318.51,318.47,318.11,317.18,318.47,318.11,317.18,318.47,318.11,317.18,312.58,313.06,312.39,1000,1000,998,6,7,6,22-05-2020
319.63,319.63,319.63,318.51,318.47,318.11,318.51,318.47,318.11,318.51,318.47,318.11,311.5,312.58,313.06,1000,1000,1000,7,6,7,23-05-2020
318.65,318.65,318.65,319.63,318.51,318.47,319.63,318.51,318.47,319.63,318.51,318.47,313.21,311.5,312.58,998,1000,1000,5,7,6,24-05-2020
316.11,316.11,316.11,318.65,319.63,318.51,318.65,319.63,318.51,318.65,319.63,318.51,313.7,313.21,311.5,996,998,1000,5,5,7,25-05-2020
314.19,314.19,314.19,316.11,318.65,319.63,316.11,318.65,319.63,316.11,318.65,319.63,313.77,313.7,313.21,997,996,998,14,5,5,26-05-2020
309.27,309.27,309.27,314.19,316.11,318.65,314.19,316.11,318.65,314.19,316.11,318.65,311.62,313.77,313.7,1001,997,996,21,14,5,27-05-2020
307.01,307.01,307.01,309.27,314.19,316.11,309.27,314.19,316.11,309.27,314.19,316.11,307.22,311.62,313.77,1006,1001,997,24,21,14,28-05-2020
307.99,307.99,307.99,307.01,309.27,314.19,307.01,309.27,314.19,307.01,309.27,314.19,306.74,307.22,311.62,1006,1006,1001,32,24,21,29-05-2020
310.07,310.07,310.07,307.99,307.01,309.27,307.99,307.01,309.27,307.99,307.01,309.27,307.3,306.74,307.22,1007,1006,1006,28,32,24,30-05-2020
311.63,311.63,311.63,310.07,307.99,307.01,310.07,307.99,307.01,310.07,307.99,307.01,308.15,307.3,306.74,1005,1007,1006,22,28,32,31-05-2020
312.71,312.71,312.71,311.63,310.07,307.99,311.63,310.07,307.99,311.63,310.07,307.99,310.01,308.15,307.3,1003,1005,1007,17,22,28,01-06-2020
304.47,304.47,304.47,312.71,311.63,310.07,312.71,311.63,310.07,312.71,311.63,310.07,311.34,310.01,308.15,1000,1003,1005,16,17,22,02-06-2020
310.45,310.45,310.45,304.47,312.71,311.63,304.47,312.71,311.63,304.47,312.71,311.63,304.84,311.34,310.01,1003,1000,1003,40,16,17,03-06-2020
311.67,311.67,311.67,310.45,304.47,312.71,310.45,304.47,312.71,310.45,304.47,312.71,311.65,304.84,311.34,1001,1003,1000,25,40,16,04-06-2020
312.49,312.49,312.49,311.67,310.45,304.47,311.67,310.45,304.47,311.67,310.45,304.47,311.32,311.65,304.84,1001,1001,1003,22,25,40,05-06-2020
315.02,315.02,315.02,312.49,311.67,310.45,312.49,311.67,310.45,312.49,311.67,310.45,310.53,311.32,311.65,1000,1001,1001,18,22,25,06-06-2020
316.08,316.08,316.08,315.02,312.49,311.67,315.02,312.49,311.67,315.02,312.49,311.67,312.24,310.53,311.32,1000,1000,1001,14,18,22,07-06-2020
316.58,316.58,316.58,316.08,315.02,312.49,316.08,315.02,312.49,316.08,315.02,312.49,313.51,312.24,310.53,999,1000,1000,14,14,18,08-06-2020
316.35,316.35,316.35,316.58,316.08,315.02,316.58,316.08,315.02,316.58,316.08,315.02,314.11,313.51,312.24,997,999,1000,12,14,14,09-06-2020
316.67,316.67,316.67,316.35,316.58,316.08,316.35,316.58,316.08,316.35,316.58,316.08,314.31,314.11,313.51,996,997,999,12,12,14,10-06-2020
316.43,316.43,316.43,316.67,316.35,316.58,316.67,316.35,316.58,316.67,316.35,316.58,313.54,314.31,314.11,996,996,997,11,12,12,11-06-2020
317.59,317.59,317.59,316.43,316.67,316.35,316.43,316.67,316.35,316.43,316.67,316.35,313.07,313.54,314.31,997,996,996,11,11,12,12-06-2020
317.19,317.19,317.19,317.59,316.43,316.67,317.59,316.43,316.67,317.59,316.43,316.67,311.79,313.07,313.54,996,997,996,8,11,11,13-06-2020
316.75,316.75,316.75,317.19,317.59,316.43,317.19,317.59,316.43,317.19,317.59,316.43,312.99,311.79,313.07,994,996,997,8,8,11,14-06-2020
318.39,318.39,318.39,316.75,317.19,317.59,316.75,317.19,317.59,316.75,317.19,317.59,312.67,312.99,311.79,992,994,996,8,8,8,15-06-2020
317.75,317.75,317.75,318.39,316.75,317.19,318.39,316.75,317.19,318.39,316.75,317.19,313.67,312.67,312.99,993,992,994,9,8,8,16-06-2020
317.35,317.35,317.35,317.75,318.39,316.75,317.75,318.39,316.75,317.75,318.39,316.75,314.6,313.67,312.67,995,993,992,13,9,8,17-06-2020
316.51,316.51,316.51,317.35,317.75,318.39,317.35,317.75,318.39,317.35,317.75,318.39,314.39,314.6,313.67,996,995,993,14,13,9,18-06-2020
314.9,314.9,314.9,316.51,317.35,317.75,316.51,317.35,317.75,316.51,317.35,317.75,314.35,314.39,314.6,996,996,995,16,14,13,19-06-2020
315.27,315.27,315.27,314.9,316.51,317.35,314.9,316.51,317.35,314.9,316.51,317.35,313.4,314.35,314.39,996,996,996,19,16,14,20-06-2020
313.88,313.88,313.88,315.27,314.9,316.51,315.27,314.9,316.51,315.27,314.9,316.51,315.45,313.4,314.35,1000,996,996,22,19,16,21-06-2020
315.23,315.23,315.23,313.88,315.27,314.9,313.88,315.27,314.9,313.88,315.27,314.9,313.94,315.45,313.4,1000,1000,996,26,22,19,22-06-2020
314.27,314.27,314.27,315.23,313.88,315.27,315.23,313.88,315.27,315.23,313.88,315.27,314.2,313.94,315.45,997,1000,1000,21,26,22,23-06-2020
317.19,317.19,317.19,314.27,315.23,313.88,314.27,315.23,313.88,314.27,315.23,313.88,312.97,314.2,313.94,997,997,1000,23,21,26,24-06-2020
316.18,316.18,316.18,317.19,314.27,315.23,317.19,314.27,315.23,317.19,314.27,315.23,314.43,312.97,314.2,997,997,997,19,23,21,25-06-2020
314.71,314.71,314.71,316.18,317.19,314.27,316.18,317.19,314.27,316.18,317.19,314.27,314.41,314.43,312.97,995,997,997,22,19,23,26-06-2020
315.72,315.72,315.72,314.71,316.18,317.19,314.71,316.18,317.19,314.71,316.18,317.19,314.62,314.41,314.43,998,995,997,23,22,19,27-06-2020
316.37,316.37,316.37,315.72,314.71,316.18,315.72,314.71,316.18,315.72,314.71,316.18,314.45,314.62,314.41,999,998,995,19,23,22,28-06-2020
317.52,317.52,317.52,316.37,315.72,314.71,316.37,315.72,314.71,316.37,315.72,314.71,315.45,314.45,314.62,997,999,998,19,19,23,29-06-2020
317.02,317.02,317.02,317.52,316.37,315.72,317.52,316.37,315.72,317.52,316.37,315.72,315.46,315.45,314.45,994,997,999,16,19,19,30-06-2020
317.47,317.47,317.47,317.02,317.52,316.37,317.02,317.52,316.37,317.02,317.52,316.37,317.05,315.46,315.45,994,994,997,17,16,19,01-07-2020
313.99,313.99,313.99,317.47,317.02,317.52,317.47,317.02,317.52,317.47,317.02,317.52,316.39,317.05,315.46,994,994,994,16,17,16,02-07-2020
314.7,314.7,314.7,313.99,317.47,317.02,313.99,317.47,317.02,313.99,317.47,317.02,314.27,316.39,317.05,996,994,994,24,16,17,03-07-2020
305.47,305.47,305.47,314.7,313.99,317.47,314.7,313.99,317.47,314.7,313.99,317.47,314.82,314.27,316.39,995,996,994,21,24,16,04-07-2020
310.29,310.29,310.29,305.47,314.7,313.99,305.47,314.7,313.99,305.47,314.7,313.99,303.61,314.82,314.27,1002,995,996,51,21,24,05-07-2020
311.39,311.39,311.39,310.29,305.47,314.7,310.29,305.47,314.7,310.29,305.47,314.7,310.91,303.61,314.82,1001,1002,995,39,51,21,06-07-2020
315.64,315.64,315.64,311.39,310.29,305.47,311.39,310.29,305.47,311.39,310.29,305.47,313.81,310.91,303.61,995,1001,1002,36,39,51,07-07-2020
313.23,313.23,313.23,315.64,311.39,310.29,315.64,311.39,310.29,315.64,311.39,310.29,314.8,313.81,310.91,994,995,1001,22,36,39,08-07-2020
310.48,310.48,310.48,313.23,315.64,311.39,313.23,315.64,311.39,313.23,315.64,311.39,313.77,314.8,313.81,995,994,995,31,22,36,09-07-2020
312.45,312.45,312.45,310.48,313.23,315.64,310.48,313.23,315.64,310.48,313.23,315.64,311.79,313.77,314.8,998,995,994,32,31,22,10-07-2020
314.8,314.8,314.8,312.45,310.48,313.23,312.45,310.48,313.23,312.45,310.48,313.23,313.11,311.79,313.77,996,998,995,30,32,31,11-07-2020
312.91,312.91,312.91,314.8,312.45,310.48,314.8,312.45,310.48,314.8,312.45,310.48,313.73,313.11,311.79,997,996,998,22,30,32,12-07-2020
313.8,313.8,313.8,312.91,314.8,312.45,312.91,314.8,312.45,312.91,314.8,312.45,314.05,313.73,313.11,998,997,996,28,22,30,13-07-2020
312.56,312.56,312.56,313.8,312.91,314.8,313.8,312.91,314.8,313.8,312.91,314.8,316.12,314.05,313.73,997,998,997,30,28,22,14-07-2020
313.85,313.85,313.85,312.56,313.8,312.91,312.56,313.8,312.91,312.56,313.8,312.91,314.32,316.12,314.05,998,997,998,34,30,28,15-07-2020
312.07,312.07,312.07,313.85,312.56,313.8,313.85,312.56,313.8,313.85,312.56,313.8,317.62,314.32,316.12,999,998,997,32,34,30,16-07-2020
305.63,305.63,305.63,312.07,313.85,312.56,312.07,313.85,312.56,312.07,313.85,312.56,314.41,317.62,314.32,997,999,998,36,32,34,17-07-2020
300.18,300.18,300.18,305.63,312.07,313.85,305.63,312.07,313.85,305.63,312.07,313.85,305.57,314.41,317.62,996,997,999,53,36,32,18-07-2020
304.75,304.75,304.75,300.18,305.63,312.07,300.18,305.63,312.07,300.18,305.63,312.07,303.03,305.57,314.41,1002,996,997,75,53,36,19-07-2020
309.81,309.81,309.81,304.75,300.18,305.63,304.75,300.18,305.63,304.75,300.18,305.63,307.24,303.03,305.57,1001,1002,996,58,75,53,20-07-2020
309.97,309.97,309.97,309.81,304.75,300.18,309.81,304.75,300.18,309.81,304.75,300.18,310.57,307.24,303.03,1000,1001,1002,33,58,75,21-07-2020
310.07,310.07,310.07,309.97,309.81,304.75,309.97,309.81,304.75,309.97,309.81,304.75,310.03,310.57,307.24,1004,1000,1001,34,33,58,22-07-2020
309.59,309.59,309.59,310.07,309.97,309.81,310.07,309.97,309.81,310.07,309.97,309.81,311.47,310.03,310.57,1004,1004,1000,39,34,33,23-07-2020
311.99,311.99,311.99,309.59,310.07,309.97,309.59,310.07,309.97,309.59,310.07,309.97,312.82,311.47,310.03,1004,1004,1004,40,39,34,24-07-2020
312.87,312.87,312.87,311.99,309.59,310.07,311.99,309.59,310.07,311.99,309.59,310.07,313.22,312.82,311.47,1001,1004,1004,35,40,39,25-07-2020
312.57,312.57,312.57,312.87,311.99,309.59,312.87,311.99,309.59,312.87,311.99,309.59,313.45,313.22,312.82,999,1001,1004,33,35,40,26-07-2020
309.73,309.73,309.73,312.57,312.87,311.99,312.57,312.87,311.99,312.57,312.87,311.99,315.99,313.45,313.22,999,999,1001,34,33,35,27-07-2020
311.09,311.09,311.09,309.73,312.57,312.87,309.73,312.57,312.87,309.73,312.57,312.87,313.08,315.99,313.45,1002,999,999,43,34,33,28-07-2020
310.79,310.79,310.79,311.09,309.73,312.57,311.09,309.73,312.57,311.09,309.73,312.57,314.27,313.08,315.99,1000,1002,999,40,43,34,29-07-2020
311.53,311.53,311.53,310.79,311.09,309.73,310.79,311.09,309.73,310.79,311.09,309.73,314.43,314.27,313.08,1000,1000,1002,41,40,43,30-07-2020
313.25,313.25,313.25,311.53,310.79,311.09,311.53,310.79,311.09,311.53,310.79,311.09,313.01,314.43,314.27,998,1000,1000,37,41,40,31-07-2020
313.55,313.55,313.55,313.25,311.53,310.79,313.25,311.53,310.79,313.25,311.53,310.79,314.44,313.01,314.43,994,998,1000,36,37,41,01-08-2020
312.46,312.46,312.46,313.55,313.25,311.53,313.55,313.25,311.53,313.55,313.25,311.53,314.61,314.44,313.01,992,994,998,31,36,37,02-08-2020
311.43,311.43,311.43,312.46,313.55,313.25,312.46,313.55,313.25,312.46,313.55,313.25,313.4,314.61,314.44,994,992,994,39,31,36,03-08-2020
311.05,311.05,311.05,311.43,312.46,313.55,311.43,312.46,313.55,311.43,312.46,313.55,310.69,313.4,314.61,998,994,992,40,39,31,04-08-2020
311.62,311.62,311.62,311.05,311.43,312.46,311.05,311.43,312.46,311.05,311.43,312.46,311.93,310.69,313.4,1000,998,994,41,40,39,05-08-2020
311.33,311.33,311.33,311.62,311.05,311.43,311.62,311.05,311.43,311.62,311.05,311.43,315.74,311.93,310.69,998,1000,998,38,41,40,06-08-2020
309.6,309.6,309.6,311.33,311.62,311.05,311.33,311.62,311.05,311.33,311.62,311.05,315.18,315.74,311.93,997,998,1000,42,38,41,07-08-2020
308.68,308.68,308.68,309.6,311.33,311.62,309.6,311.33,311.62,309.6,311.33,311.62,314.11,315.18,315.74,999,997,998,49,42,38,08-08-2020
310.17,310.17,310.17,308.68,309.6,311.33,308.68,309.6,311.33,308.68,309.6,311.33,313.2,314.11,315.18,998,999,997,52,49,42,09-08-2020
307.27,307.27,307.27,310.17,308.68,309.6,310.17,308.68,309.6,310.17,308.68,309.6,313.46,313.2,314.11,997,998,999,46,52,49,10-08-2020
306.59,306.59,306.59,307.27,310.17,308.68,307.27,310.17,308.68,307.27,310.17,308.68,312.22,313.46,313.2,997,997,998,59,46,52,11-08-2020
308.93,308.93,308.93,306.59,307.27,310.17,306.59,307.27,310.17,306.59,307.27,310.17,309.23,312.22,313.46,996,997,997,62,59,46,12-08-2020
308.97,308.97,308.97,308.93,306.59,307.27,308.93,306.59,307.27,308.93,306.59,307.27,311.66,309.23,312.22,996,996,997,51,62,59,13-08-2020
308.63,308.63,308.63,308.97,308.93,306.59,308.97,308.93,306.59,308.97,308.93,306.59,312.21,311.66,309.23,997,996,996,51,51,62,14-08-2020
309.34,309.34,309.34,308.63,308.97,308.93,308.63,308.97,308.93,308.63,308.97,308.93,312.86,312.21,311.66,997,997,996,55,51,51,15-08-2020
305.17,305.17,305.17,309.34,308.63,308.97,309.34,308.63,308.97,309.34,308.63,308.97,313.84,312.86,312.21,997,997,997,49,55,51,16-08-2020
306.07,306.07,306.07,305.17,309.34,308.63,305.17,309.34,308.63,305.17,309.34,308.63,310.37,313.84,312.86,997,997,997,72,49,55,17-08-2020
306.43,306.43,306.43,306.07,305.17,309.34,306.07,305.17,309.34,306.07,305.17,309.34,308.68,310.37,313.84,1001,997,997,57,72,49,18-08-2020
306.83,306.83,306.83,306.43,306.07,305.17,306.43,306.07,305.17,306.43,306.07,305.17,308.14,308.68,310.37,1004,1001,997,57,57,72,19-08-2020
306.88,306.88,306.88,306.83,306.43,306.07,306.83,306.43,306.07,306.83,306.43,306.07,308.8,308.14,308.68,1002,1004,1001,55,57,57,20-08-2020
307.07,307.07,307.07,306.88,306.83,306.43,306.88,306.83,306.43,306.88,306.83,306.43,308.38,308.8,308.14,1001,1002,1004,55,55,57,21-08-2020
307.48,307.48,307.48,307.07,306.88,306.83,307.07,306.88,306.83,307.07,306.88,306.83,309.49,308.38,308.8,1000,1001,1002,57,55,55,22-08-2020
306.79,306.79,306.79,307.48,307.07,306.88,307.48,307.07,306.88,307.48,307.07,306.88,309.83,309.49,308.38,1003,1000,1001,52,57,55,23-08-2020
308.71,308.71,308.71,306.79,307.48,307.07,306.79,307.48,307.07,306.79,307.48,307.07,310.24,309.83,309.49,1003,1003,1000,55,52,57,24-08-2020
307.67,307.67,307.67,308.71,306.79,307.48,308.71,306.79,307.48,308.71,306.79,307.48,311.65,310.24,309.83,1002,1003,1003,43,55,52,25-08-2020
307.43,307.43,307.43,307.67,308.71,306.79,307.67,308.71,306.79,307.67,308.71,306.79,310.77,311.65,310.24,1000,1002,1003,47,43,55,26-08-2020
306.71,306.71,306.71,307.43,307.67,308.71,307.43,307.67,308.71,307.43,307.67,308.71,310.25,310.77,311.65,1001,1000,1002,48,47,43,27-08-2020
304.99,304.99,304.99,306.71,307.43,307.67,306.71,307.43,307.67,306.71,307.43,307.67,307.86,310.25,310.77,1001,1001,1000,56,48,47,28-08-2020
305.78,305.78,305.78,304.99,306.71,307.43,304.99,306.71,307.43,304.99,306.71,307.43,306.58,307.86,310.25,1003,1001,1001,61,56,48,29-08-2020
307.26,307.26,307.26,305.78,304.99,306.71,305.78,304.99,306.71,305.78,304.99,306.71,308.52,306.58,307.86,1004,1003,1001,56,61,56,30-08-2020
307.44,307.44,307.44,307.26,305.78,304.99,307.26,305.78,304.99,307.26,305.78,304.99,310.51,308.52,306.58,1006,1004,1003,51,56,61,31-08-2020
307.28,307.28,307.28,307.44,307.26,305.78,307.44,307.26,305.78,307.44,307.26,305.78,310.18,310.51,308.52,1007,1006,1004,52,51,56,01-09-2020
308.19,308.19,308.19,307.28,307.44,307.26,307.28,307.44,307.26,307.28,307.44,307.26,310.55,310.18,310.51,1005,1007,1006,54,52,51,02-09-2020
308.02,308.02,308.02,308.19,307.28,307.44,308.19,307.28,307.44,308.19,307.28,307.44,312.05,310.55,310.18,1004,1005,1007,48,54,52,03-09-2020
307.36,307.36,307.36,308.02,308.19,307.28,308.02,308.19,307.28,308.02,308.19,307.28,311.93,312.05,310.55,1003,1004,1005,48,48,54,04-09-2020
308.29,308.29,308.29,307.36,308.02,308.19,307.36,308.02,308.19,307.36,308.02,308.19,309.9,311.93,312.05,1004,1003,1004,49,48,48,05-09-2020
308.77,308.77,308.77,308.29,307.36,308.02,308.29,307.36,308.02,308.29,307.36,308.02,309.84,309.9,311.93,1004,1004,1003,44,49,48,06-09-2020
308.66,308.66,308.66,308.77,308.29,307.36,308.77,308.29,307.36,308.77,308.29,307.36,309.74,309.84,309.9,1004,1004,1004,41,44,49,07-09-2020
309.41,309.41,309.41,308.66,308.77,308.29,308.66,308.77,308.29,308.66,308.77,308.29,308.94,309.74,309.84,1001,1004,1004,38,41,44,08-09-2020
308.77,308.77,308.77,309.41,308.66,308.77,309.41,308.66,308.77,309.41,308.66,308.77,310.32,308.94,309.74,1002,1001,1004,36,38,41,09-09-2020
309.05,309.05,309.05,308.77,309.41,308.66,308.77,309.41,308.66,308.77,309.41,308.66,310.19,310.32,308.94,1005,1002,1001,38,36,38,10-09-2020
308.99,308.99,308.99,309.05,308.77,309.41,309.05,308.77,309.41,309.05,308.77,309.41,310.97,310.19,310.32,1005,1005,1002,39,38,36,11-09-2020
309.58,309.58,309.58,308.99,309.05,308.77,308.99,309.05,308.77,308.99,309.05,308.77,311.15,310.97,310.19,1004,1005,1005,40,39,38,12-09-2020
310.16,310.16,310.16,309.58,308.99,309.05,309.58,308.99,309.05,309.58,308.99,309.05,310.89,311.15,310.97,1003,1004,1005,37,40,39,13-09-2020
310.33,310.33,310.33,310.16,309.58,308.99,310.16,309.58,308.99,310.16,309.58,308.99,311.31,310.89,311.15,1003,1003,1004,36,37,40,14-09-2020
310.67,310.67,310.67,310.33,310.16,309.58,310.33,310.16,309.58,310.33,310.16,309.58,309.81,311.31,310.89,1001,1003,1003,35,36,37,15-09-2020
309.08,309.08,309.08,310.67,310.33,310.16,310.67,310.33,310.16,310.67,310.33,310.16,311.53,309.81,311.31,1000,1001,1003,38,35,36,16-09-2020
310.11,310.11,310.11,309.08,310.67,310.33,309.08,310.67,310.33,309.08,310.67,310.33,311.48,311.53,309.81,1001,1000,1001,39,38,35,17-09-2020
309.18,309.18,309.18,310.11,309.08,310.67,310.11,309.08,310.67,310.11,309.08,310.67,308.81,311.48,311.53,1000,1001,1000,28,39,38,18-09-2020
308.81,308.81,308.81,309.18,310.11,309.08,309.18,310.11,309.08,309.18,310.11,309.08,310.3,308.81,311.48,999,1000,1001,34,28,39,19-09-2020
308.14,308.14,308.14,308.81,309.18,310.11,308.81,309.18,310.11,308.81,309.18,310.11,310.91,310.3,308.81,1001,999,1000,44,34,28,20-09-2020
308.9,308.9,308.9,308.14,308.81,309.18,308.14,308.81,309.18,308.14,308.81,309.18,311.55,310.91,310.3,1000,1001,999,46,44,34,21-09-2020
310.09,310.09,310.09,308.9,308.14,308.81,308.9,308.14,308.81,308.9,308.14,308.81,310.02,311.55,310.91,1003,1000,1001,36,46,44,22-09-2020
309.7,309.7,309.7,310.09,308.9,308.14,310.09,308.9,308.14,310.09,308.9,308.14,308.1,310.02,311.55,1001,1003,1000,23,36,46,23-09-2020
309.13,309.13,309.13,309.7,310.09,308.9,309.7,310.09,308.9,309.7,310.09,308.9,308.9,308.1,310.02,1002,1001,1003,21,23,36,24-09-2020
309.43,309.43,309.43,309.13,309.7,310.09,309.13,309.7,310.09,309.13,309.7,310.09,307.46,308.9,308.1,1005,1002,1001,22,21,23,25-09-2020
308.99,308.99,308.99,309.43,309.13,309.7,309.43,309.13,309.7,309.43,309.13,309.7,306.68,307.46,308.9,1006,1005,1002,21,22,21,26-09-2020
309.38,309.38,309.38,308.99,309.43,309.13,308.99,309.43,309.13,308.99,309.43,309.13,305.14,306.68,307.46,1005,1006,1005,18,21,22,27-09-2020
309.82,309.82,309.82,309.38,308.99,309.43,309.38,308.99,309.43,309.38,308.99,309.43,305.44,305.14,306.68,1004,1005,1006,17,18,21,28-09-2020
308.86,308.86,308.86,309.82,309.38,308.99,309.82,309.38,308.99,309.82,309.38,308.99,306.44,305.44,305.14,1003,1004,1005,17,17,18,29-09-2020
308.73,308.73,308.73,308.86,309.82,309.38,308.86,309.82,309.38,308.86,309.82,309.38,306.48,306.44,305.44,1004,1003,1004,18,17,17,30-09-2020
308.64,308.64,308.64,308.73,308.86,309.82,308.73,308.86,309.82,308.73,308.86,309.82,305.21,306.48,306.44,1005,1004,1003,14,18,17,01-10-2020
309.09,309.09,309.09,308.64,308.73,308.86,308.64,308.73,308.86,308.64,308.73,308.86,305.09,305.21,306.48,1006,1005,1004,15,14,18,02-10-2020
309.16,309.16,309.16,309.09,308.64,308.73,309.09,308.64,308.73,309.09,308.64,308.73,305.48,305.09,305.21,1006,1006,1005,14,15,14,03-10-2020
308.76,308.76,308.76,309.16,309.09,308.64,309.16,309.09,308.64,309.16,309.09,308.64,305.75,305.48,305.09,1007,1006,1006,14,14,15,04-10-2020
308.33,308.33,308.33,308.76,309.16,309.09,308.76,309.16,309.09,308.76,309.16,309.09,305.86,305.75,305.48,1008,1007,1006,15,14,14,05-10-2020
307.94,307.94,307.94,308.33,308.76,309.16,308.33,308.76,309.16,308.33,308.76,309.16,305.43,305.86,305.75,1009,1008,1007,15,15,14,06-10-2020
308.62,308.62,308.62,307.94,308.33,308.76,307.94,308.33,308.76,307.94,308.33,308.76,305.55,305.43,305.86,1010,1009,1008,18,15,15,07-10-2020
308.47,308.47,308.47,308.62,307.94,308.33,308.62,307.94,308.33,308.62,307.94,308.33,305.28,305.55,305.43,1007,1010,1009,17,18,15,08-10-2020
308.41,308.41,308.41,308.47,308.62,307.94,308.47,308.62,307.94,308.47,308.62,307.94,305.17,305.28,305.55,1005,1007,1010,17,17,18,09-10-2020
307.56,307.56,307.56,308.41,308.47,308.62,308.41,308.47,308.62,308.41,308.47,308.62,305.23,305.17,305.28,1003,1005,1007,16,17,17,10-10-2020
308.12,308.12,308.12,307.56,308.41,308.47,307.56,308.41,308.47,307.56,308.41,308.47,306.92,305.23,305.17,1005,1003,1005,26,16,17,11-10-2020
307.94,307.94,307.94,308.12,307.56,308.41,308.12,307.56,308.41,308.12,307.56,308.41,305.62,306.92,305.23,1006,1005,1003,19,26,16,12-10-2020
306.6,306.6,306.6,307.94,308.12,307.56,307.94,308.12,307.56,307.94,308.12,307.56,303.84,305.62,306.92,1007,1006,1005,13,19,26,13-10-2020
307.27,307.27,307.27,306.6,307.94,308.12,306.6,307.94,308.12,306.6,307.94,308.12,303.54,303.84,305.62,1007,1007,1006,14,13,19,14-10-2020
307.19,307.19,307.19,307.27,306.6,307.94,307.27,306.6,307.94,307.27,306.6,307.94,304.33,303.54,303.84,1007,1007,1007,15,14,13,15-10-2020
307.23,307.23,307.23,307.19,307.27,306.6,307.19,307.27,306.6,307.19,307.27,306.6,302.84,304.33,303.54,1008,1007,1007,12,15,14,16-10-2020
307.27,307.27,307.27,307.23,307.19,307.27,307.23,307.19,307.27,307.23,307.19,307.27,302.4,302.84,304.33,1007,1008,1007,12,12,15,17-10-2020
307.75,307.75,307.75,307.27,307.23,307.19,307.27,307.23,307.19,307.27,307.23,307.19,303.04,302.4,302.84,1006,1007,1008,11,12,12,18-10-2020
306.65,306.65,306.65,307.75,307.27,307.23,307.75,307.27,307.23,307.75,307.27,307.23,305.36,303.04,302.4,1008,1006,1007,10,11,12,19-10-2020
305.74,305.74,305.74,306.65,307.75,307.27,306.65,307.75,307.27,306.65,307.75,307.27,304.05,305.36,303.04,1006,1008,1006,14,10,11,20-10-2020
305.79,305.79,305.79,305.74,306.65,307.75,305.74,306.65,307.75,305.74,306.65,307.75,301.68,304.05,305.36,1006,1006,1008,12,14,10,21-10-2020
306.33,306.33,306.33,305.79,305.74,306.65,305.79,305.74,306.65,305.79,305.74,306.65,302.9,301.68,304.05,1007,1006,1006,13,12,14,22-10-2020
306.06,306.06,306.06,306.33,305.79,305.74,306.33,305.79,305.74,306.33,305.79,305.74,301.79,302.9,301.68,1010,1007,1006,11,13,12,23-10-2020
304.4,304.4,304.4,306.06,306.33,305.79,306.06,306.33,305.79,306.06,306.33,305.79,302.23,301.79,302.9,1011,1010,1007,12,11,13,24-10-2020
304.38,304.38,304.38,304.4,306.06,306.33,304.4,306.06,306.33,304.4,306.06,306.33,300.17,302.23,301.79,1011,1011,1010,12,12,11,25-10-2020
304.96,304.96,304.96,304.38,304.4,306.06,304.38,304.4,306.06,304.38,304.4,306.06,300.48,300.17,302.23,1012,1011,1011,12,12,12,26-10-2020
304.15,304.15,304.15,304.96,304.38,304.4,304.96,304.38,304.4,304.96,304.38,304.4,302.44,300.48,300.17,1013,1012,1011,13,12,12,27-10-2020
305.22,305.22,305.22,304.15,304.96,304.38,304.15,304.96,304.38,304.15,304.96,304.38,299.67,302.44,300.48,1012,1013,1012,13,13,12,28-10-2020
303.48,303.48,303.48,305.22,304.15,304.96,305.22,304.15,304.96,305.22,304.15,304.96,299.77,299.67,302.44,1012,1012,1013,12,13,13,29-10-2020
303.59,303.59,303.59,303.48,305.22,304.15,303.48,305.22,304.15,303.48,305.22,304.15,298.69,299.77,299.67,1013,1012,1012,12,12,13,30-10-2020
302.64,302.64,302.64,303.59,303.48,305.22,303.59,303.48,305.22,303.59,303.48,305.22,298.69,298.69,299.77,1013,1013,1012,13,12,12,31-10-2020
303.69,303.69,303.69,302.64,303.59,303.48,302.64,303.59,303.48,302.64,303.59,303.48,298.89,298.69,298.69,1012,1013,1013,13,13,12,01-11-2020
304.35,304.35,304.35,303.69,302.64,303.59,303.69,302.64,303.59,303.69,302.64,303.59,299.1,298.89,298.69,1011,1012,1013,13,13,13,02-11-2020
304.45,304.45,304.45,304.35,303.69,302.64,304.35,303.69,302.64,304.35,303.69,302.64,299.94,299.1,298.89,1013,1011,1012,12,13,13,03-11-2020
304.02,304.02,304.02,304.45,304.35,303.69,304.45,304.35,303.69,304.45,304.35,303.69,299.59,299.94,299.1,1016,1013,1011,12,12,13,04-11-2020
302.74,302.74,302.74,304.02,304.45,304.35,304.02,304.45,304.35,304.02,304.45,304.35,299.01,299.59,299.94,1016,1016,1013,12,12,12,05-11-2020
302.58,302.58,302.58,302.74,304.02,304.45,302.74,304.02,304.45,302.74,304.02,304.45,298.54,299.01,299.59,1017,1016,1016,13,12,12,06-11-2020
302.13,302.13,302.13,302.58,302.74,304.02,302.58,302.74,304.02,302.58,302.74,304.02,298.42,298.54,299.01,1015,1017,1016,13,13,12,07-11-2020
303.03,303.03,303.03,302.13,302.58,302.74,302.13,302.58,302.74,302.13,302.58,302.74,298.37,298.42,298.54,1014,1015,1017,17,13,13,08-11-2020
302.25,302.25,302.25,303.03,302.13,302.58,303.03,302.13,302.58,303.03,302.13,302.58,300.48,298.37,298.42,1016,1014,1015,16,17,13,09-11-2020
302.13,302.13,302.13,302.25,303.03,302.13,302.25,303.03,302.13,302.25,303.03,302.13,299.32,300.48,298.37,1018,1016,1014,16,16,17,10-11-2020
301.24,301.24,301.24,302.13,302.25,303.03,302.13,302.25,303.03,302.13,302.25,303.03,297.93,299.32,300.48,1016,1018,1016,14,16,16,11-11-2020
302.76,302.76,302.76,301.24,302.13,302.25,301.24,302.13,302.25,301.24,302.13,302.25,297.51,297.93,299.32,1014,1016,1018,15,14,16,12-11-2020
297.44,297.44,297.44,302.76,301.24,302.13,302.76,301.24,302.13,302.76,301.24,302.13,299.09,297.51,297.93,1013,1014,1016,23,15,14,13-11-2020
297.55,297.55,297.55,297.44,302.76,301.24,297.44,302.76,301.24,297.44,302.76,301.24,295.25,299.09,297.51,1016,1013,1014,45,23,15,14-11-2020
296.81,296.81,296.81,297.55,297.44,302.76,297.55,297.44,302.76,297.55,297.44,302.76,295.11,295.25,299.09,1014,1016,1013,39,45,23,15-11-2020
296.52,296.52,296.52,296.81,297.55,297.44,296.81,297.55,297.44,296.81,297.55,297.44,293.96,295.11,295.25,1014,1014,1016,25,39,45,16-11-2020
297.25,297.25,297.25,296.52,296.81,297.55,296.52,296.81,297.55,296.52,296.81,297.55,292.9,293.96,295.11,1013,1014,1014,23,25,39,17-11-2020
296.46,296.46,296.46,297.25,296.52,296.81,297.25,296.52,296.81,297.25,296.52,296.81,291.43,292.9,293.96,1015,1013,1014,21,23,25,18-11-2020
296.09,296.09,296.09,296.46,297.25,296.52,296.46,297.25,296.52,296.46,297.25,296.52,290.28,291.43,292.9,1015,1015,1013,21,21,23,19-11-2020
297.31,297.31,297.31,296.09,296.46,297.25,296.09,296.46,297.25,296.09,296.46,297.25,291.1,290.28,291.43,1016,1015,1015,19,21,21,20-11-2020
296.39,296.39,296.39,297.31,296.09,296.46,297.31,296.09,296.46,297.31,296.09,296.46,294.85,291.1,290.28,1016,1016,1015,19,19,21,21-11-2020
295.41,295.41,295.41,296.39,297.31,296.09,296.39,297.31,296.09,296.39,297.31,296.09,294.19,294.85,291.1,1015,1016,1016,21,19,19,22-11-2020
297.85,297.85,297.85,295.41,296.39,297.31,295.41,296.39,297.31,295.41,296.39,297.31,292.4,294.19,294.85,1017,1015,1016,22,21,19,23-11-2020
298.12,298.12,298.12,297.85,295.41,296.39,297.85,295.41,296.39,297.85,295.41,296.39,294.16,292.4,294.19,1018,1017,1015,30,22,21,24-11-2020
298.19,298.19,298.19,298.12,297.85,295.41,298.12,297.85,295.41,298.12,297.85,295.41,294.31,294.16,292.4,1019,1018,1017,25,30,22,25-11-2020
297.33,297.33,297.33,298.19,298.12,297.85,298.19,298.12,297.85,298.19,298.12,297.85,293.5,294.31,294.16,1017,1019,1018,20,25,30,26-11-2020
298.37,298.37,298.37,297.33,298.19,298.12,297.33,298.19,298.12,297.33,298.19,298.12,294.01,293.5,294.31,1017,1017,1019,19,20,25,27-11-2020
298.92,298.92,298.92,298.37,297.33,298.19,298.37,297.33,298.19,298.37,297.33,298.19,294.42,294.01,293.5,1015,1017,1017,17,19,20,28-11-2020
300.08,300.08,300.08,298.92,298.37,297.33,298.92,298.37,297.33,298.92,298.37,297.33,295,294.42,294.01,1016,1015,1017,17,17,19,29-11-2020
299.07,299.07,299.07,300.08,298.92,298.37,300.08,298.92,298.37,300.08,298.92,298.37,294.78,295,294.42,1013,1016,1015,16,17,17,30-11-2020
299.73,299.73,299.73,299.07,300.08,298.92,299.07,300.08,298.92,299.07,300.08,298.92,296.46,294.78,295,1013,1013,1016,18,16,17,01-12-2020
299.49,299.49,299.49,299.73,299.07,300.08,299.73,299.07,300.08,299.73,299.07,300.08,297.76,296.46,294.78,1012,1013,1013,21,18,16,02-12-2020
299.72,299.72,299.72,299.49,299.73,299.07,299.49,299.73,299.07,299.49,299.73,299.07,296.15,297.76,296.46,1012,1012,1013,25,21,18,03-12-2020
300.63,300.63,300.63,299.72,299.49,299.73,299.72,299.49,299.73,299.72,299.49,299.73,297.06,296.15,297.76,1014,1012,1012,26,25,21,04-12-2020
299.74,299.74,299.74,300.63,299.72,299.49,300.63,299.72,299.49,300.63,299.72,299.49,295.74,297.06,296.15,1015,1014,1012,21,26,25,05-12-2020
299.72,299.72,299.72,299.74,300.63,299.72,299.74,300.63,299.72,299.74,300.63,299.72,296.37,295.74,297.06,1016,1015,1014,20,21,26,06-12-2020
300.25,300.25,300.25,299.72,299.74,300.63,299.72,299.74,300.63,299.72,299.74,300.63,296.33,296.37,295.74,1014,1016,1015,28,20,21,07-12-2020
299.73,299.73,299.73,300.25,299.72,299.74,300.25,299.72,299.74,300.25,299.72,299.74,296.96,296.33,296.37,1013,1014,1016,28,28,20,08-12-2020
295.75,295.75,295.75,299.73,300.25,299.72,299.73,300.25,299.72,299.73,300.25,299.72,298.12,296.96,296.33,1012,1013,1014,26,28,28,09-12-2020
294.5,294.5,294.5,295.75,299.73,300.25,295.75,299.73,300.25,295.75,299.73,300.25,295.48,298.12,296.96,1015,1012,1013,43,26,28,10-12-2020
292.77,292.77,292.77,294.5,295.75,299.73,294.5,295.75,299.73,294.5,295.75,299.73,290.01,295.48,298.12,1014,1015,1012,26,43,26,11-12-2020
292.51,292.51,292.51,292.77,294.5,295.75,292.77,294.5,295.75,292.77,294.5,295.75,288.79,290.01,295.48,1016,1014,1015,30,26,43,12-12-2020
291.86,291.86,291.86,292.51,292.77,294.5,292.51,292.77,294.5,292.51,292.77,294.5,288.2,288.79,290.01,1018,1016,1014,28,30,26,13-12-2020
290.73,290.73,290.73,291.86,292.51,292.77,291.86,292.51,292.77,291.86,292.51,292.77,286.28,288.2,288.79,1020,1018,1016,26,28,30,14-12-2020
291.79,291.79,291.79,290.73,291.86,292.51,290.73,291.86,292.51,290.73,291.86,292.51,285.33,286.28,288.2,1018,1020,1018,28,26,28,15-12-2020
293.68,293.68,293.68,291.79,290.73,291.86,291.79,290.73,291.86,291.79,290.73,291.86,286.44,285.33,286.28,1017,1018,1020,25,28,26,16-12-2020
294.52,294.52,294.52,293.68,291.79,290.73,293.68,291.79,290.73,293.68,291.79,290.73,288.41,286.44,285.33,1017,1017,1018,22,25,28,17-12-2020
294.77,294.77,294.77,294.52,293.68,291.79,294.52,293.68,291.79,294.52,293.68,291.79,289.32,288.41,286.44,1018,1017,1017,21,22,25,18-12-2020
295.59,295.59,295.59,294.77,294.52,293.68,294.77,294.52,293.68,294.77,294.52,293.68,290.46,289.32,288.41,1016,1018,1017,22,21,22,19-12-2020
295.47,295.47,295.47,295.59,294.77,294.52,295.59,294.77,294.52,295.59,294.77,294.52,291.67,290.46,289.32,1014,1016,1018,21,22,21,20-12-2020
295,295,295,295.47,295.59,294.77,295.47,295.59,294.77,295.47,295.59,294.77,291.29,291.67,290.46,1014,1014,1016,22,21,22,21-12-2020
294.38,294.38,294.38,295,295.47,295.59,295,295.47,295.59,295,295.47,295.59,290.85,291.29,291.67,1014,1014,1014,25,22,21,22-12-2020
293.72,293.72,293.72,294.38,295,295.47,294.38,295,295.47,294.38,295,295.47,289.89,290.85,291.29,1015,1014,1014,25,25,22,23-12-2020
294.8,294.8,294.8,293.72,294.38,295,293.72,294.38,295,293.72,294.38,295,290.02,289.89,290.85,1015,1015,1014,26,25,25,24-12-2020
290.94,290.94,290.94,294.8,293.72,294.38,294.8,293.72,294.38,294.8,293.72,294.38,290.01,290.02,289.89,1010,1015,1015,27,26,25,25-12-2020
290.31,290.31,290.31,290.94,294.8,293.72,290.94,294.8,293.72,290.94,294.8,293.72,286.46,290.01,290.02,1016,1010,1015,27,27,26,26-12-2020
290.16,290.16,290.16,290.31,290.94,294.8,290.31,290.94,294.8,290.31,290.94,294.8,285.54,286.46,290.01,1016,1016,1010,37,27,27,27-12-2020
292.14,292.14,292.14,290.16,290.31,290.94,290.16,290.31,290.94,290.16,290.31,290.94,286.44,285.54,286.46,1018,1016,1016,31,37,27,28-12-2020
292.47,292.47,292.47,292.14,290.16,290.31,292.14,290.16,290.31,292.14,290.16,290.31,288.31,286.44,285.54,1017,1018,1016,27,31,37,29-12-2020
288.94,288.94,288.94,292.47,292.14,290.16,292.47,292.14,290.16,292.47,292.14,290.16,289.63,288.31,286.44,1016,1017,1018,26,27,31,30-12-2020
295.74,295.74,295.74,288.94,292.47,292.14,288.94,292.47,292.14,288.94,292.47,292.14,287.71,289.63,288.31,1017,1016,1017,78,26,27,31-12-2020
297.1,297.1,297.1,295.74,288.94,292.47,295.74,288.94,292.47,295.74,288.94,292.47,293.01,287.71,289.63,1013,1017,1016,54,78,26,01-01-2021
293.75,293.75,293.75,297.1,295.74,288.94,297.1,295.74,288.94,297.1,295.74,288.94,295.63,293.01,287.71,1015,1013,1017,55,54,78,02-01-2021
295.79,295.79,295.79,293.75,297.1,295.74,293.75,297.1,295.74,293.75,297.1,295.74,291.09,295.63,293.01,1015,1015,1013,64,55,54,03-01-2021
293.82,293.82,293.82,295.79,293.75,297.1,295.79,293.75,297.1,295.79,293.75,297.1,294.34,291.09,295.63,1014,1015,1015,55,64,55,04-01-2021
293.08,293.08,293.08,293.82,295.79,293.75,293.82,295.79,293.75,293.82,295.79,293.75,293.52,294.34,291.09,1013,1014,1015,61,55,64,05-01-2021
293.7,293.7,293.7,293.08,293.82,295.79,293.08,293.82,295.79,293.08,293.82,295.79,292.11,293.52,294.34,1014,1013,1014,49,61,55,06-01-2021
291.59,291.59,291.59,293.7,293.08,293.82,293.7,293.08,293.82,293.7,293.08,293.82,292.02,292.11,293.52,1014,1014,1013,57,49,61,07-01-2021
291,291,291,291.59,293.7,293.08,291.59,293.7,293.08,291.59,293.7,293.08,287.89,292.02,292.11,1015,1014,1014,38,57,49,08-01-2021
291.74,291.74,291.74,291,291.59,293.7,291,291.59,293.7,291,291.59,293.7,286.74,287.89,292.02,1015,1015,1014,44,38,57,09-01-2021
291.59,291.59,291.59,291.74,291,291.59,291.74,291,291.59,291.74,291,291.59,287.11,286.74,287.89,1014,1015,1015,33,44,38,10-01-2021
292.1,292.1,292.1,291.59,291.74,291,291.59,291.74,291,291.59,291.74,291,286.82,287.11,286.74,1013,1014,1015,30,33,44,11-01-2021
292.89,292.89,292.89,292.1,291.59,291.74,292.1,291.59,291.74,292.1,291.59,291.74,289.67,286.82,287.11,1015,1013,1014,29,30,33,12-01-2021
292.55,292.55,292.55,292.89,292.1,291.59,292.89,292.1,291.59,292.89,292.1,291.59,290.62,289.67,286.82,1013,1015,1013,34,29,30,13-01-2021
292.32,292.32,292.32,292.55,292.89,292.1,292.55,292.89,292.1,292.55,292.89,292.1,288.82,290.62,289.67,1011,1013,1015,37,34,29,14-01-2021
294.6,294.6,294.6,292.32,292.55,292.89,292.32,292.55,292.89,292.32,292.55,292.89,288.14,288.82,290.62,1013,1011,1013,34,37,34,15-01-2021
295.55,295.55,295.55,294.6,292.32,292.55,294.6,292.32,292.55,294.6,292.32,292.55,292.09,288.14,288.82,1016,1013,1011,41,34,37,16-01-2021
294.65,294.65,294.65,295.55,294.6,292.32,295.55,294.6,292.32,295.55,294.6,292.32,292.82,292.09,288.14,1013,1016,1013,42,41,34,17-01-2021
294.5,294.5,294.5,294.65,295.55,294.6,294.65,295.55,294.6,294.65,295.55,294.6,289.77,292.82,292.09,1012,1013,1016,37,42,41,18-01-2021
294.97,294.97,294.97,294.5,294.65,295.55,294.5,294.65,295.55,294.5,294.65,295.55,289.14,289.77,292.82,1011,1012,1013,30,37,42,19-01-2021
294.37,294.37,294.37,294.97,294.5,294.65,294.97,294.5,294.65,294.97,294.5,294.65,292.35,289.14,289.77,1013,1011,1012,29,30,37,20-01-2021
292.44,292.44,292.44,294.37,294.97,294.5,294.37,294.97,294.5,294.37,294.97,294.5,289.18,292.35,289.14,1010,1013,1011,37,29,30,21-01-2021
292.16,292.16,292.16,292.44,294.37,294.97,292.44,294.37,294.97,292.44,294.37,294.97,289.34,289.18,292.35,1015,1010,1013,39,37,29,22-01-2021
293.2,293.2,293.2,292.16,292.44,294.37,292.16,292.44,294.37,292.16,292.44,294.37,289.78,289.34,289.18,1017,1015,1010,35,39,37,23-01-2021
293.54,293.54,293.54,293.2,292.16,292.44,293.2,292.16,292.44,293.2,292.16,292.44,289.26,289.78,289.34,1016,1017,1015,33,35,39,24-01-2021
292.5,292.5,292.5,293.54,293.2,292.16,293.54,293.2,292.16,293.54,293.2,292.16,288.89,289.26,289.78,1016,1016,1017,27,33,35,25-01-2021
293.02,293.02,293.02,292.5,293.54,293.2,292.5,293.54,293.2,292.5,293.54,293.2,288.65,288.89,289.26,1017,1016,1016,26,27,33,26-01-2021
294.06,294.06,294.06,293.02,292.5,293.54,293.02,292.5,293.54,293.02,292.5,293.54,288.04,288.65,288.89,1017,1017,1016,27,26,27,27-01-2021
294.47,294.47,294.47,294.06,293.02,292.5,294.06,293.02,292.5,294.06,293.02,292.5,288.52,288.04,288.65,1015,1017,1017,24,27,26,28-01-2021
296.1,296.1,296.1,294.47,294.06,293.02,294.47,294.06,293.02,294.47,294.06,293.02,290.6,288.52,288.04,1016,1015,1017,23,24,27,29-01-2021
297.24,297.24,297.24,296.1,294.47,294.06,296.1,294.47,294.06,296.1,294.47,294.06,292.14,290.6,288.52,1018,1016,1015,24,23,24,30-01-2021
296.56,296.56,296.56,297.24,296.1,294.47,297.24,296.1,294.47,297.24,296.1,294.47,295.16,292.14,290.6,1016,1018,1016,28,24,23,31-01-2021
294.41,294.41,294.41,296.56,297.24,296.1,296.56,297.24,296.1,296.56,297.24,296.1,292.28,295.16,292.14,1014,1016,1018,35,28,24,01-02-2021
293.81,293.81,293.81,294.41,296.56,297.24,294.41,296.56,297.24,294.41,296.56,297.24,293.7,292.28,295.16,1016,1014,1016,47,35,28,02-02-2021
294.68,294.68,294.68,293.81,294.41,296.56,293.81,294.41,296.56,293.81,294.41,296.56,290.79,293.7,292.28,1018,1016,1014,38,47,35,03-02-2021
295.88,295.88,295.88,294.68,293.81,294.41,294.68,293.81,294.41,294.68,293.81,294.41,290.6,290.79,293.7,1017,1018,1016,37,38,47,04-02-2021
297.21,297.21,297.21,295.88,294.68,293.81,295.88,294.68,293.81,295.88,294.68,293.81,291.02,290.6,290.79,1016,1017,1018,33,37,38,05-02-2021
299.09,299.09,299.09,297.21,295.88,294.68,297.21,295.88,294.68,297.21,295.88,294.68,293.36,291.02,290.6,1016,1016,1017,31,33,37,06-02-2021
299.15,299.15,299.15,299.09,297.21,295.88,299.09,297.21,295.88,299.09,297.21,295.88,295.27,293.36,291.02,1012,1016,1016,24,31,33,07-02-2021
298.64,298.64,298.64,299.15,299.09,297.21,299.15,299.09,297.21,299.15,299.09,297.21,296.99,295.27,293.36,1012,1012,1016,25,24,31,08-02-2021
298.25,298.25,298.25,298.64,299.15,299.09,298.64,299.15,299.09,298.64,299.15,299.09,295.31,296.99,295.27,1013,1012,1012,26,25,24,09-02-2021
299.03,299.03,299.03,298.25,298.64,299.15,298.25,298.64,299.15,298.25,298.64,299.15,295.06,295.31,296.99,1014,1013,1012,25,26,25,10-02-2021
299.66,299.66,299.66,299.03,298.25,298.64,299.03,298.25,298.64,299.03,298.25,298.64,295.9,295.06,295.31,1014,1014,1013,23,25,26,11-02-2021
300.34,300.34,300.34,299.66,299.03,298.25,299.66,299.03,298.25,299.66,299.03,298.25,295.89,295.9,295.06,1013,1014,1014,18,23,25,12-02-2021
300.3,300.3,300.3,300.34,299.66,299.03,300.34,299.66,299.03,300.34,299.66,299.03,297.84,295.89,295.9,1011,1013,1014,23,18,23,13-02-2021
301.14,301.14,301.14,300.3,300.34,299.66,300.3,300.34,299.66,300.3,300.34,299.66,296.85,297.84,295.89,1012,1011,1013,20,23,18,14-02-2021
300.53,300.53,300.53,301.14,300.3,300.34,301.14,300.3,300.34,301.14,300.3,300.34,298.82,296.85,297.84,1013,1012,1011,20,20,23,15-02-2021
300.59,300.59,300.59,300.53,301.14,300.3,300.53,301.14,300.3,300.53,301.14,300.3,297.12,298.82,296.85,1017,1013,1012,19,20,20,16-02-2021
301.34,301.34,301.34,300.59,300.53,301.14,300.59,300.53,301.14,300.59,300.53,301.14,296.23,297.12,298.82,1018,1017,1013,17,19,20,17-02-2021
303.28,303.28,303.28,301.34,300.59,300.53,301.34,300.59,300.53,301.34,300.59,300.53,296.74,296.23,297.12,1018,1018,1017,17,17,19,18-02-2021
304.85,304.85,304.85,303.28,301.34,300.59,303.28,301.34,300.59,303.28,301.34,300.59,297.43,296.74,296.23,1015,1018,1018,13,17,17,19-02-2021
305.66,305.66,305.66,304.85,303.28,301.34,304.85,303.28,301.34,304.85,303.28,301.34,299.41,297.43,296.74,1013,1015,1018,12,13,17,20-02-2021
306.51,306.51,306.51,305.66,304.85,303.28,305.66,304.85,303.28,305.66,304.85,303.28,301.52,299.41,297.43,1010,1013,1015,12,12,13,21-02-2021
307.15,307.15,307.15,306.51,305.66,304.85,306.51,305.66,304.85,306.51,305.66,304.85,301.9,301.52,299.41,1010,1010,1013,11,12,12,22-02-2021
307.17,307.17,307.17,307.15,306.51,305.66,307.15,306.51,305.66,307.15,306.51,305.66,302.57,301.9,301.52,1008,1010,1010,12,11,12,23-02-2021
306.8,306.8,306.8,307.17,307.15,306.51,307.17,307.15,306.51,307.17,307.15,306.51,301.01,302.57,301.9,1005,1008,1010,11,12,11,24-02-2021
304.04,304.04,304.04,306.8,307.17,307.15,306.8,307.17,307.15,306.8,307.17,307.15,298.47,301.01,302.57,1006,1005,1008,12,11,12,25-02-2021
303.08,303.08,303.08,304.04,306.8,307.17,304.04,306.8,307.17,304.04,306.8,307.17,300.39,298.47,301.01,1009,1006,1005,12,12,11,26-02-2021
303.31,303.31,303.31,303.08,304.04,306.8,303.08,304.04,306.8,303.08,304.04,306.8,296.69,300.39,298.47,1013,1009,1006,12,12,12,27-02-2021
306.7,306.7,306.7,303.31,303.08,304.04,303.31,303.08,304.04,303.31,303.08,304.04,296.49,296.69,300.39,1013,1013,1009,12,12,12,28-02-2021
306.7,306.7,306.7,306.7,303.31,303.08,306.7,303.31,303.08,306.7,303.31,303.08,300.77,296.49,296.69,1010,1013,1013,10,12,12,01-03-2021
306.17,306.17,306.17,306.7,306.7,303.31,306.7,306.7,303.31,306.7,306.7,303.31,303.03,300.77,296.49,1010,1010,1013,11,10,12,02-03-2021
307.49,307.49,307.49,306.17,306.7,306.7,306.17,306.7,306.7,306.17,306.7,306.7,298.15,303.03,300.77,1010,1010,1010,7,11,10,03-03-2021
307.78,307.78,307.78,307.49,306.17,306.7,307.49,306.17,306.7,307.49,306.17,306.7,300.86,298.15,303.03,1009,1010,1010,9,7,11,04-03-2021
306.52,306.52,306.52,307.78,307.49,306.17,307.78,307.49,306.17,307.78,307.49,306.17,301.5,300.86,298.15,1008,1009,1010,11,9,7,05-03-2021
308.04,308.04,308.04,306.52,307.78,307.49,306.52,307.78,307.49,306.52,307.78,307.49,302.37,301.5,300.86,1010,1008,1009,17,11,9,06-03-2021
308.2,308.2,308.2,308.04,306.52,307.78,308.04,306.52,307.78,308.04,306.52,307.78,304.94,302.37,301.5,1010,1010,1008,13,17,11,07-03-2021
309.32,309.32,309.32,308.2,308.04,306.52,308.2,308.04,306.52,308.2,308.04,306.52,305.4,304.94,302.37,1010,1010,1010,13,13,17,08-03-2021
307.21,307.21,307.21,309.32,308.2,308.04,309.32,308.2,308.04,309.32,308.2,308.04,306.35,305.4,304.94,1012,1010,1010,9,13,13,09-03-2021
306.1,306.1,306.1,307.21,309.32,308.2,307.21,309.32,308.2,307.21,309.32,308.2,301.19,306.35,305.4,1012,1012,1010,12,9,13,10-03-2021
307.1,307.1,307.1,306.1,307.21,309.32,306.1,307.21,309.32,306.1,307.21,309.32,303.28,301.19,306.35,1015,1012,1012,16,12,9,11-03-2021
308.37,308.37,308.37,307.1,306.1,307.21,307.1,306.1,307.21,307.1,306.1,307.21,301.45,303.28,301.19,1011,1015,1012,11,16,12,12-03-2021
308.85,308.85,308.85,308.37,307.1,306.1,308.37,307.1,306.1,308.37,307.1,306.1,301.9,301.45,303.28,1011,1011,1015,10,11,16,13-03-2021
308.78,308.78,308.78,308.85,308.37,307.1,308.85,308.37,307.1,308.85,308.37,307.1,302.45,301.9,301.45,1010,1011,1011,10,10,11,14-03-2021
308.91,308.91,308.91,308.78,308.85,308.37,308.78,308.85,308.37,308.78,308.85,308.37,304.14,302.45,301.9,1008,1010,1011,11,10,10,15-03-2021
308.99,308.99,308.99,308.91,308.78,308.85,308.91,308.78,308.85,308.91,308.78,308.85,304.11,304.14,302.45,1009,1008,1010,10,11,10,16-03-2021
309.61,309.61,309.61,308.99,308.91,308.78,308.99,308.91,308.78,308.99,308.91,308.78,303.94,304.11,304.14,1008,1009,1008,10,10,11,17-03-2021
309.73,309.73,309.73,309.61,308.99,308.91,309.61,308.99,308.91,309.61,308.99,308.91,303.91,303.94,304.11,1007,1008,1009,11,10,10,18-03-2021
305.4,305.4,305.4,309.73,309.61,308.99,309.73,309.61,308.99,309.73,309.61,308.99,305.78,303.91,303.94,1007,1007,1008,12,11,10,19-03-2021
307.72,307.72,307.72,305.4,309.73,309.61,305.4,309.73,309.61,305.4,309.73,309.61,299.34,305.78,303.91,1010,1007,1007,17,12,11,20-03-2021
305.33,305.33,305.33,307.72,305.4,309.73,307.72,305.4,309.73,307.72,305.4,309.73,302.77,299.34,305.78,1011,1010,1007,15,17,12,21-03-2021
305.69,305.69,305.69,305.33,307.72,305.4,305.33,307.72,305.4,305.33,307.72,305.4,300.94,302.77,299.34,1012,1011,1010,14,15,17,22-03-2021
307.72,307.72,307.72,305.69,305.33,307.72,305.69,305.33,307.72,305.69,305.33,307.72,299.79,300.94,302.77,1011,1012,1011,12,14,15,23-03-2021
309.77,309.77,309.77,307.72,305.69,305.33,307.72,305.69,305.33,307.72,305.69,305.33,301.81,299.79,300.94,1009,1011,1012,11,12,14,24-03-2021
310.67,310.67,310.67,309.77,307.72,305.69,309.77,307.72,305.69,309.77,307.72,305.69,304.7,301.81,299.79,1007,1009,1011,8,11,12,25-03-2021
312.86,312.86,312.86,310.67,309.77,307.72,310.67,309.77,307.72,310.67,309.77,307.72,306.75,304.7,301.81,1005,1007,1009,11,8,11,26-03-2021
312,312,312,312.86,310.67,309.77,312.86,310.67,309.77,312.86,310.67,309.77,307.79,306.75,304.7,1001,1005,1007,7,11,8,27-03-2021
309.45,309.45,309.45,312,312.86,310.67,312,312.86,310.67,312,312.86,310.67,306.13,307.79,306.75,997,1001,1005,6,7,11,28-03-2021
307.69,307.69,307.69,309.45,312,312.86,309.45,312,312.86,309.45,312,312.86,300.8,306.13,307.79,1000,997,1001,3,6,7,29-03-2021
307.7,307.7,307.7,307.69,309.45,312,307.69,309.45,312,307.69,309.45,312,299.62,300.8,306.13,1001,1000,997,3,3,6,30-03-2021
308.35,308.35,308.35,307.7,307.69,309.45,307.7,307.69,309.45,307.7,307.69,309.45,301.45,299.62,300.8,1004,1001,1000,3,3,3,31-03-2021
310.75,310.75,310.75,308.35,307.7,307.69,308.35,307.7,307.69,308.35,307.7,307.69,302.44,301.45,299.62,1007,1004,1001,3,3,3,01-04-2021
312.15,312.15,312.15,310.75,308.35,307.7,310.75,308.35,307.7,310.75,308.35,307.7,303.86,302.44,301.45,1007,1007,1004,4,3,3,02-04-2021
312.54,312.54,312.54,312.15,310.75,308.35,312.15,310.75,308.35,312.15,310.75,308.35,307.91,303.86,302.44,1005,1007,1007,7,4,3,03-04-2021
309.12,309.12,309.12,312.54,312.15,310.75,312.54,312.15,310.75,312.54,312.15,310.75,309.19,307.91,303.86,1005,1005,1007,8,7,4,04-04-2021
308.86,308.86,308.86,309.12,312.54,312.15,309.12,312.54,312.15,309.12,312.54,312.15,304.01,309.19,307.91,1009,1005,1005,9,8,7,05-04-2021
309.34,309.34,309.34,308.86,309.12,312.54,308.86,309.12,312.54,308.86,309.12,312.54,303.37,304.01,309.19,1006,1009,1005,7,9,8,06-04-2021
310.46,310.46,310.46,309.34,308.86,309.12,309.34,308.86,309.12,309.34,308.86,309.12,302.66,303.37,304.01,1008,1006,1009,4,7,9,07-04-2021
311.91,311.91,311.91,310.46,309.34,308.86,310.46,309.34,308.86,310.46,309.34,308.86,304.2,302.66,303.37,1009,1008,1006,5,4,7,08-04-2021
312.11,312.11,312.11,311.91,310.46,309.34,311.91,310.46,309.34,311.91,310.46,309.34,305.73,304.2,302.66,1009,1009,1008,5,5,4,09-04-2021
312.74,312.74,312.74,312.11,311.91,310.46,312.11,311.91,310.46,312.11,311.91,310.46,306.78,305.73,304.2,1009,1009,1009,6,5,5,10-04-2021
